"Date","Price","Open","High","Low","Vol.","Change %"
"07/15/2024","53.72","53.71","54.27","53.57","3.26M","-0.87%"
"07/12/2024","54.19","54.36","54.64","53.84","3.90M","0.31%"
"07/11/2024","54.02","53.28","54.18","53.28","3.26M","1.96%"
"07/10/2024","52.98","52.59","53.07","52.19","2.68M","0.63%"
"07/09/2024","52.65","52.72","53.06","52.15","3.42M","-0.27%"
"07/08/2024","52.79","52.81","52.92","52.39","3.88M","-0.15%"
"07/05/2024","52.87","52.53","52.94","52.14","2.69M","0.49%"
"07/03/2024","52.61","53.43","53.60","52.23","2.80M","-1.20%"
"07/02/2024","53.25","52.57","53.40","52.03","4.18M","1.08%"
"07/01/2024","52.68","53.85","53.91","52.28","4.50M","-1.94%"
"06/28/2024","53.72","52.96","53.95","52.67","7.19M","1.26%"
"06/27/2024","53.05","53.65","53.67","52.85","4.17M","-1.19%"
"06/26/2024","53.69","53.54","54.27","53.32","3.47M","-0.48%"
"06/25/2024","53.95","53.90","55.35","53.81","4.37M","-0.11%"
"06/24/2024","54.01","54.32","54.96","53.99","5.69M","-0.26%"
"06/21/2024","54.15","53.88","54.47","53.67","10.48M","0.58%"
"06/20/2024","53.84","54.66","54.95","53.47","4.64M","-1.30%"
"06/18/2024","54.55","52.85","54.59","52.85","5.62M","2.65%"
"06/17/2024","53.14","52.01","53.22","51.72","4.40M","1.94%"
"06/14/2024","52.13","53.08","53.45","51.94","5.74M","-2.91%"
"06/13/2024","53.69","53.40","54.34","53.35","4.64M","0.94%"
"06/12/2024","53.19","53.41","53.69","52.81","4.57M","0.36%"
"06/11/2024","53.00","52.77","53.03","52.13","4.20M","-0.28%"
"06/10/2024","53.15","52.65","53.19","52.42","3.60M","0.13%"
"06/07/2024","53.08","53.35","53.75","53.03","4.34M","-0.58%"
"06/06/2024","53.39","53.81","53.84","53.31","4.92M","0.72%"
"06/05/2024","53.01","53.73","54.25","52.78","4.85M","-1.38%"
"06/04/2024","53.75","53.40","54.03","52.94","5.01M","0.26%"
"06/03/2024","53.61","54.05","54.24","53.19","6.04M","-1.13%"
"05/31/2024","54.22","53.09","54.25","53.02","7.41M","1.63%"
"05/30/2024","53.35","51.94","53.63","51.86","5.85M","2.42%"
"05/29/2024","52.09","52.26","52.38","51.38","6.45M","-1.53%"
"05/28/2024","52.90","54.14","55.15","52.84","7.24M","-2.78%"
"05/24/2024","54.41","53.00","54.59","53.00","7.77M","3.03%"
"05/23/2024","52.81","52.80","52.88","52.31","4.83M","0.02%"
"05/22/2024","52.80","52.19","52.85","51.87","4.73M","1.21%"
"05/21/2024","52.17","51.13","52.37","51.13","3.74M","1.81%"
"05/20/2024","51.24","51.45","51.62","51.02","3.06M","-0.47%"
"05/17/2024","51.48","52.64","52.78","51.12","4.61M","-2.31%"
"05/16/2024","52.70","52.42","53.03","52.06","5.24M","0.53%"
"05/15/2024","52.42","52.37","52.65","51.78","3.91M","0.61%"
"05/14/2024","52.10","52.31","52.49","51.60","3.47M","0.21%"
"05/13/2024","51.99","51.14","52.16","51.04","5.04M","1.94%"
"05/10/2024","51.00","50.50","51.09","50.43","3.87M","1.31%"
"05/09/2024","50.34","49.77","50.40","49.70","3.98M","1.31%"
"05/08/2024","49.69","49.76","49.94","49.60","3.85M","-0.76%"
"05/07/2024","50.07","49.59","50.27","49.59","4.70M","1.40%"
"05/06/2024","49.38","49.81","50.16","49.24","5.81M","-0.54%"
"05/03/2024","49.65","49.60","50.26","49.37","6.90M","0.53%"
"05/02/2024","49.39","49.32","50.86","48.52","10.83M","-3.27%"
"05/01/2024","51.06","51.69","52.49","51.04","8.33M","-0.93%"
"04/30/2024","51.54","52.63","52.88","51.44","6.71M","-2.29%"
"04/29/2024","52.75","52.16","52.88","52.13","5.98M","1.40%"
"04/26/2024","52.02","51.30","52.19","51.20","4.99M","1.32%"
"04/25/2024","51.34","50.66","51.49","50.56","4.46M","0.31%"
"04/24/2024","51.18","51.17","51.60","50.78","5.09M","-0.14%"
"04/23/2024","51.25","51.01","51.50","50.70","4.52M","0.61%"
"04/22/2024","50.94","50.63","51.15","50.39","4.14M","1.09%"
"04/19/2024","50.39","50.23","51.02","50.00","4.30M","0.88%"
"04/18/2024","49.95","51.33","51.41","49.93","7.59M","1.01%"
"04/17/2024","49.45","50.59","50.69","49.41","4.32M","-1.59%"
"04/16/2024","50.25","50.63","50.75","49.87","5.16M","-1.26%"
"04/15/2024","50.89","51.62","51.90","50.74","3.88M","-0.82%"
"04/12/2024","51.31","51.71","51.99","51.05","4.25M","-1.12%"
"04/11/2024","51.89","52.60","52.65","51.81","3.65M","-1.09%"
"04/10/2024","52.46","51.96","52.54","51.90","4.90M","0.96%"
"04/09/2024","51.96","51.80","52.01","51.51","3.57M","0.74%"
"04/08/2024","51.58","52.03","52.47","51.48","3.98M","-0.92%"
"04/05/2024","52.06","51.42","52.13","51.42","5.33M","1.28%"
"04/04/2024","51.40","52.41","52.82","51.33","4.70M","-0.87%"
"04/03/2024","51.85","51.75","52.27","51.51","4.46M","-0.02%"
"04/02/2024","51.86","52.08","52.39","51.81","4.45M","-0.78%"
"04/01/2024","52.27","52.65","52.92","51.84","4.65M","-0.97%"
"03/28/2024","52.78","52.10","52.93","52.00","6.82M","1.66%"
"03/27/2024","51.92","51.45","52.04","51.41","4.94M","1.64%"
"03/26/2024","51.08","51.46","51.67","50.88","6.00M","-0.29%"
"03/25/2024","51.23","51.33","51.72","51.19","5.62M","-0.37%"
"03/22/2024","51.42","52.05","52.07","51.40","5.07M","-1.12%"
"03/21/2024","52.00","51.84","52.35","51.68","6.76M","0.06%"
"03/20/2024","51.97","51.84","52.27","51.60","6.14M","0.29%"
"03/19/2024","51.82","51.86","52.46","51.25","6.86M","0.92%"
"03/18/2024","51.35","52.19","52.40","51.32","6.44M","-1.63%"
"03/15/2024","52.20","51.97","52.70","51.88","11.46M","-0.10%"
"03/14/2024","52.25","52.49","52.82","51.97","7.73M","-0.31%"
"03/13/2024","52.41","51.12","52.50","51.09","10.33M","2.95%"
"03/12/2024","50.91","51.73","51.93","50.68","7.86M","-1.24%"
"03/11/2024","51.55","50.39","51.95","50.38","10.11M","2.34%"
"03/08/2024","50.37","50.68","50.90","50.17","8.50M","-0.81%"
"03/07/2024","50.78","50.82","51.05","50.33","8.91M","0.47%"
"03/06/2024","50.54","50.32","51.14","50.32","9.62M","0.90%"
"03/05/2024","50.09","48.91","50.45","48.87","12.66M","2.41%"
"03/04/2024","48.91","48.18","49.31","48.04","8.45M","1.79%"
"03/01/2024","48.05","47.20","48.30","47.06","8.67M","1.63%"
"02/29/2024","47.28","47.95","47.98","46.98","16.17M","-1.27%"
"02/28/2024","47.89","47.65","48.35","46.53","23.21M","7.88%"
"02/27/2024","44.39","44.28","44.78","44.05","12.71M","1.16%"
"02/26/2024","43.88","44.05","44.15","43.67","6.01M","-0.30%"
"02/23/2024","44.01","43.97","44.42","43.12","7.14M","-0.61%"
"02/22/2024","44.28","43.37","44.65","43.24","7.55M","1.10%"
"02/21/2024","43.80","43.34","44.40","43.09","6.97M","0.48%"
"02/20/2024","43.59","43.00","43.75","42.97","6.40M","0.32%"
"02/16/2024","43.45","42.21","43.53","42.14","7.09M","1.95%"
"02/15/2024","42.62","42.49","42.89","42.42","4.87M","1.04%"
"02/14/2024","42.18","41.28","42.24","40.83","5.06M","2.55%"
"02/13/2024","41.13","42.49","42.50","40.74","7.19M","-5.43%"
"02/12/2024","43.49","42.48","43.55","42.24","5.55M","2.50%"
"02/09/2024","42.43","42.06","42.69","41.79","5.10M","0.98%"
"02/08/2024","42.02","42.25","42.29","41.64","3.31M","-0.76%"
"02/07/2024","42.34","42.73","42.89","42.26","4.01M","-0.75%"
"02/06/2024","42.66","41.35","42.74","41.31","5.95M","3.22%"
"02/05/2024","41.33","41.56","41.56","40.94","5.91M","-1.45%"
"02/02/2024","41.94","41.56","41.98","41.01","6.10M","0.58%"
"02/01/2024","41.70","41.40","41.81","40.77","5.67M","1.53%"
"01/31/2024","41.07","41.97","42.02","40.97","5.92M","-2.10%"
"01/30/2024","41.95","42.38","42.41","41.92","5.07M","-1.57%"
"01/29/2024","42.62","42.69","42.79","42.03","4.69M","-0.16%"
"01/26/2024","42.69","42.13","42.71","42.13","5.94M","1.26%"
"01/25/2024","42.16","41.90","42.19","41.26","6.08M","1.32%"
"01/24/2024","41.61","42.62","42.89","41.31","8.65M","0.48%"
"01/23/2024","41.41","41.45","41.88","41.17","5.06M","0.85%"
"01/22/2024","41.06","41.31","41.69","40.88","5.56M","-0.17%"
"01/19/2024","41.13","41.03","41.35","40.50","4.36M","0.83%"
"01/18/2024","40.79","40.63","40.88","40.33","5.75M","0.30%"
"01/17/2024","40.67","40.57","40.88","40.28","6.42M","-0.07%"
"01/16/2024","40.70","40.82","40.95","40.16","6.46M","-1.24%"
"01/12/2024","41.21","41.96","42.07","41.06","5.69M","-1.58%"
"01/11/2024","41.87","42.51","42.54","41.49","4.62M","-1.62%"
"01/10/2024","42.56","42.11","42.71","41.94","3.76M","1.00%"
"01/09/2024","42.14","42.29","42.68","41.96","4.94M","-1.63%"
"01/08/2024","42.84","42.98","42.98","42.40","4.11M","0.12%"
"01/05/2024","42.79","42.53","43.08","42.39","3.14M","0.61%"
"01/04/2024","42.53","43.53","43.59","42.40","4.78M","-2.34%"
"01/03/2024","43.55","43.63","44.08","42.96","6.36M","-0.73%"
"01/02/2024","43.87","43.26","44.20","43.20","5.37M","0.57%"
"12/29/2023","43.62","43.42","43.82","43.36","4.68M","0.35%"
"12/28/2023","43.47","43.37","43.60","43.12","2.77M","0.21%"
"12/27/2023","43.38","43.52","43.66","43.10","2.62M","-0.23%"
"12/26/2023","43.48","43.82","43.84","43.26","3.36M","-0.78%"
"12/22/2023","43.82","43.56","44.07","43.45","3.33M","0.21%"
"12/21/2023","43.73","43.33","43.76","43.07","3.24M","1.74%"
"12/20/2023","42.98","43.40","43.82","42.83","5.76M","-1.58%"
"12/19/2023","43.67","42.66","44.27","42.57","7.35M","2.70%"
"12/18/2023","42.52","41.53","42.81","41.52","6.69M","1.84%"
"12/15/2023","41.75","42.73","42.93","41.66","43.48M","-2.11%"
"12/14/2023","42.65","42.30","42.73","41.99","9.01M","1.64%"
"12/13/2023","41.96","41.02","41.98","40.74","6.61M","2.07%"
"12/12/2023","41.11","41.77","41.79","40.91","5.84M","-1.56%"
"12/11/2023","41.76","40.74","42.12","40.63","7.05M","1.14%"
"12/08/2023","41.29","41.36","41.72","41.16","7.24M","-0.46%"
"12/07/2023","41.48","41.68","41.74","41.33","3.94M","0.02%"
"12/06/2023","41.47","41.72","42.21","41.44","4.74M","-0.02%"
"12/05/2023","41.48","41.30","41.76","40.99","4.52M","-0.34%"
"12/04/2023","41.62","41.57","42.08","41.39","5.20M","-0.26%"
"12/01/2023","41.73","40.99","41.88","40.60","6.02M","1.76%"
"11/30/2023","41.01","40.66","41.03","40.18","11.51M","0.91%"
"11/29/2023","40.64","41.37","41.42","40.58","7.35M","-1.19%"
"11/28/2023","41.13","40.97","41.56","40.93","6.50M","-0.53%"
"11/27/2023","41.35","41.34","41.58","40.75","4.97M","-0.31%"
"11/24/2023","41.48","41.67","41.79","41.28","2.61M","-0.38%"
"11/22/2023","41.64","40.53","41.85","40.50","8.62M","3.09%"
"11/21/2023","40.39","39.26","40.44","38.97","11.05M","2.38%"
"11/20/2023","39.45","40.01","40.14","39.20","8.48M","-1.72%"
"11/17/2023","40.14","40.50","40.62","39.81","5.17M","-0.10%"
"11/16/2023","40.18","40.52","40.72","39.70","7.49M","-1.08%"
"11/15/2023","40.62","40.48","41.42","40.45","6.83M","0.69%"
"11/14/2023","40.34","39.60","40.51","39.53","6.89M","4.16%"
"11/13/2023","38.73","39.63","39.84","38.60","7.65M","-2.81%"
"11/10/2023","39.85","39.94","40.00","39.35","6.28M","-0.20%"
"11/09/2023","39.93","40.29","40.88","39.79","9.43M","-0.05%"
"11/08/2023","39.95","37.28","40.00","37.17","18.08M","-2.01%"
"11/07/2023","40.77","40.51","40.83","40.15","9.19M","1.02%"
"11/06/2023","40.36","40.64","40.98","40.03","6.44M","-0.44%"
"11/03/2023","40.54","39.62","40.72","39.51","6.42M","3.98%"
"11/02/2023","38.99","39.15","39.23","38.24","6.53M","0.72%"
"11/01/2023","38.71","39.14","39.21","38.22","6.53M","-1.33%"
"10/31/2023","39.23","38.69","39.32","38.49","6.29M","1.53%"
"10/30/2023","38.64","38.40","38.76","38.01","4.72M","1.71%"
"10/27/2023","37.99","38.35","38.66","37.93","5.11M","-0.96%"
"10/26/2023","38.36","39.21","39.52","38.23","5.88M","-2.39%"
"10/25/2023","39.30","40.72","40.76","39.21","5.47M","-4.12%"
"10/24/2023","40.99","40.51","41.12","40.50","4.31M","2.04%"
"10/23/2023","40.17","40.45","40.76","40.13","4.86M","-1.45%"
"10/20/2023","40.76","41.16","41.16","40.69","4.47M","-0.92%"
"10/19/2023","41.14","41.76","42.07","40.96","4.59M","-1.79%"
"10/18/2023","41.89","42.44","42.54","41.71","4.80M","-1.57%"
"10/17/2023","42.56","42.03","42.84","41.93","3.58M","0.21%"
"10/16/2023","42.47","42.14","42.62","41.88","4.36M","1.63%"
"10/13/2023","41.79","42.54","42.61","41.26","7.03M","-1.97%"
"10/12/2023","42.63","43.13","43.13","42.00","5.20M","-0.98%"
"10/11/2023","43.05","43.51","43.66","42.78","7.47M","-1.08%"
"10/10/2023","43.52","43.48","43.82","43.27","5.26M","0.39%"
"10/09/2023","43.35","42.64","43.64","42.64","4.22M","0.79%"
"10/06/2023","43.01","42.22","43.33","42.22","4.46M","0.94%"
"10/05/2023","42.61","43.09","43.13","42.12","4.12M","-0.77%"
"10/04/2023","42.94","42.56","43.07","42.54","3.88M","1.01%"
"10/03/2023","42.51","43.23","43.75","42.35","3.67M","-2.39%"
"10/02/2023","43.55","43.91","44.04","43.31","3.62M","-1.22%"
"09/29/2023","44.09","44.09","44.60","43.91","4.80M","1.01%"
"09/28/2023","43.65","42.73","43.89","42.72","4.11M","1.77%"
"09/27/2023","42.89","43.56","43.76","42.40","5.23M","-1.38%"
"09/26/2023","43.49","43.55","44.24","43.39","5.35M","-0.75%"
"09/25/2023","43.82","42.85","43.93","42.57","3.95M","1.60%"
"09/22/2023","43.13","44.23","44.84","43.00","8.28M","-1.80%"
"09/21/2023","43.92","43.38","45.21","42.85","13.89M","0.53%"
"09/20/2023","43.69","43.74","44.54","43.67","4.13M","0.16%"
"09/19/2023","43.62","43.63","44.09","43.42","4.31M","-0.66%"
"09/18/2023","43.91","44.34","44.46","43.81","4.58M","-1.46%"
"09/15/2023","44.56","44.46","44.80","44.27","7.60M","0.45%"
"09/14/2023","44.36","43.97","44.46","43.72","4.08M","1.49%"
"09/13/2023","43.71","43.69","43.97","43.42","3.58M","0.46%"
"09/12/2023","43.51","43.40","43.98","43.32","4.79M","0.00%"
"09/11/2023","43.51","43.70","43.94","43.43","3.85M","0.18%"
"09/08/2023","43.43","42.92","43.48","42.84","4.21M","0.72%"
"09/07/2023","43.12","43.64","43.71","42.81","5.30M","-2.27%"
"09/06/2023","44.12","44.17","44.32","43.42","4.62M","-0.38%"
"09/05/2023","44.29","44.88","44.88","44.04","5.67M","-1.80%"
"09/01/2023","45.10","45.21","45.54","44.87","4.18M","0.71%"
"08/31/2023","44.78","44.60","45.33","44.55","7.84M","0.07%"
"08/30/2023","44.75","44.32","44.87","44.26","3.60M","0.97%"
"08/29/2023","44.32","44.01","44.69","43.92","4.14M","1.03%"
"08/28/2023","43.87","43.89","44.05","43.55","4.20M","0.64%"
"08/25/2023","43.59","43.73","44.35","43.38","7.25M","1.04%"
"08/24/2023","43.14","43.87","44.24","43.11","4.48M","-1.73%"
"08/23/2023","43.90","43.28","44.20","43.25","5.02M","1.46%"
"08/22/2023","43.27","43.09","43.56","43.03","3.88M","0.53%"
"08/21/2023","43.04","42.99","43.26","42.76","3.39M","0.12%"
"08/18/2023","42.99","42.58","43.28","42.23","3.80M","0.09%"
"08/17/2023","42.95","43.31","43.39","42.74","3.89M","0.05%"
"08/16/2023","42.93","43.47","43.50","42.79","4.18M","-1.49%"
"08/15/2023","43.58","43.62","43.68","42.94","4.24M","-1.02%"
"08/14/2023","44.03","44.21","44.35","43.69","4.23M","-1.06%"
"08/11/2023","44.50","43.36","44.58","43.34","6.83M","2.80%"
"08/10/2023","43.29","44.16","44.26","43.05","3.13M","-0.87%"
"08/09/2023","43.67","43.71","44.00","43.34","3.94M","0.34%"
"08/08/2023","43.52","43.28","43.58","42.51","3.91M","-0.75%"
"08/07/2023","43.85","43.33","43.92","42.86","4.23M","1.86%"
"08/04/2023","43.05","43.66","43.94","42.95","3.95M","-1.28%"
"08/03/2023","43.61","43.58","43.87","43.32","3.93M","-0.34%"
"08/02/2023","43.76","43.16","43.90","42.81","5.54M","0.46%"
"08/01/2023","43.56","44.15","44.36","43.55","4.81M","-2.13%"
"07/31/2023","44.51","45.14","45.64","44.35","8.02M","-1.11%"
"07/28/2023","45.01","43.98","45.84","43.97","9.57M","3.09%"
"07/27/2023","43.66","45.56","46.07","43.30","15.74M","-10.53%"
"07/26/2023","48.80","48.11","48.87","48.11","6.64M","1.01%"
"07/25/2023","48.31","49.07","49.47","48.08","6.41M","-1.29%"
"07/24/2023","48.94","48.40","48.97","48.14","4.71M","1.24%"
"07/21/2023","48.34","49.21","49.35","48.31","10.66M","-1.02%"
"07/20/2023","48.84","48.78","48.96","48.02","9.34M","-0.39%"
"07/19/2023","49.03","48.22","49.10","47.96","6.06M","2.08%"
"07/18/2023","48.03","46.92","48.09","46.92","5.55M","1.78%"
"07/17/2023","47.19","46.06","47.37","45.96","5.19M","1.48%"
"07/14/2023","46.50","46.05","46.72","45.82","4.13M","0.80%"
"07/13/2023","46.13","46.72","46.81","46.08","4.17M","-0.60%"
"07/12/2023","46.41","47.50","47.53","46.33","4.97M","-1.04%"
"07/11/2023","46.90","46.00","47.35","45.96","5.00M","2.69%"
"07/10/2023","45.67","44.13","45.76","44.12","4.70M","3.19%"
"07/07/2023","44.26","43.69","44.57","43.68","4.25M","0.94%"
"07/06/2023","43.85","44.27","44.45","43.55","4.57M","-2.62%"
"07/05/2023","45.03","45.23","45.27","44.63","3.39M","-0.44%"
"07/03/2023","45.23","44.66","45.83","44.60","2.77M","1.21%"
"06/30/2023","44.69","45.00","45.13","44.29","5.21M","0.20%"
"06/29/2023","44.60","44.91","44.91","44.33","3.28M","-0.54%"
"06/28/2023","44.84","44.42","44.85","44.24","4.19M","0.83%"
"06/27/2023","44.47","43.58","44.55","43.48","4.76M","2.32%"
"06/26/2023","43.46","43.46","43.76","43.26","3.55M","0.21%"
"06/23/2023","43.37","43.48","43.80","43.10","6.23M","-1.14%"
"06/22/2023","43.87","44.15","44.15","43.60","3.62M","-0.52%"
"06/21/2023","44.10","44.82","44.82","44.08","3.75M","-1.65%"
"06/20/2023","44.84","44.93","45.48","44.62","4.18M","-0.49%"
"06/16/2023","45.06","45.61","45.75","44.92","8.59M","-1.23%"
"06/15/2023","45.62","44.94","45.70","44.38","5.06M","1.22%"
"06/14/2023","45.07","45.59","45.71","44.63","4.66M","-0.99%"
"06/13/2023","45.52","45.30","45.62","45.01","4.22M","0.89%"
"06/12/2023","45.12","45.85","45.92","45.02","6.15M","-1.51%"
"06/09/2023","45.81","45.64","46.54","45.64","5.05M","0.44%"
"06/08/2023","45.61","45.55","46.06","45.35","5.31M","1.22%"
"06/07/2023","45.06","45.24","45.76","44.85","5.66M","-0.27%"
"06/06/2023","45.18","45.22","45.37","44.84","4.54M","-0.24%"
"06/05/2023","45.29","44.77","45.34","44.29","5.66M","2.03%"
"06/02/2023","44.39","43.33","44.48","43.27","4.64M","2.61%"
"06/01/2023","43.26","42.80","43.59","42.53","5.24M","1.69%"
"05/31/2023","42.54","43.26","43.26","42.01","7.70M","-2.48%"
"05/30/2023","43.62","44.25","44.47","43.33","4.91M","-1.67%"
"05/26/2023","44.36","43.56","44.55","43.52","5.13M","1.70%"
"05/25/2023","43.62","43.09","43.67","42.93","6.80M","0.74%"
"05/24/2023","43.30","43.96","44.01","43.03","3.49M","-1.10%"
"05/23/2023","43.78","44.00","44.17","43.15","4.14M","-0.77%"
"05/22/2023","44.12","43.92","44.23","43.74","4.69M","1.47%"
"05/19/2023","43.48","44.08","44.19","43.15","4.28M","-1.45%"
"05/18/2023","44.12","43.81","44.17","43.44","3.24M","0.55%"
"05/17/2023","43.88","43.06","43.96","42.96","4.44M","1.98%"
"05/16/2023","43.03","44.62","44.62","43.02","5.57M","-4.65%"
"05/15/2023","45.13","44.91","45.48","44.56","4.20M","0.49%"
"05/12/2023","44.91","45.70","45.83","44.63","3.69M","-1.90%"
"05/11/2023","45.78","45.83","45.90","45.47","3.85M","-0.09%"
"05/10/2023","45.82","46.21","46.35","45.24","4.30M","0.02%"
"05/09/2023","45.81","45.90","46.38","45.52","3.79M","-0.87%"
"05/08/2023","46.21","45.79","46.34","45.47","3.78M","1.27%"
"05/05/2023","45.63","44.72","45.71","44.63","5.21M","2.82%"
"05/04/2023","44.38","44.97","44.98","44.28","3.30M","-0.87%"
"05/03/2023","44.77","45.29","45.77","44.61","4.69M","-0.78%"
"05/02/2023","45.12","45.61","45.66","44.52","4.04M","-1.18%"
"05/01/2023","45.66","46.02","46.35","45.41","4.22M","-1.66%"
"04/28/2023","46.43","45.52","46.67","45.39","6.70M","1.91%"
"04/27/2023","45.56","45.14","45.86","44.04","11.14M","5.07%"
"04/26/2023","43.36","43.50","44.43","43.22","8.55M","-1.48%"
"04/25/2023","44.01","43.58","44.17","43.55","5.94M","0.34%"
"04/24/2023","43.86","43.28","44.14","43.18","4.22M","1.74%"
"04/21/2023","43.11","43.37","43.37","42.76","3.14M","-0.62%"
"04/20/2023","43.38","43.35","43.71","43.22","3.62M","-0.75%"
"04/19/2023","43.71","43.85","44.15","43.53","4.04M","-0.75%"
"04/18/2023","44.04","44.14","44.40","43.86","3.71M","0.59%"
"04/17/2023","43.78","44.00","44.00","43.45","3.69M","0.57%"
"04/14/2023","43.53","43.54","44.16","43.13","3.60M","-0.18%"
"04/13/2023","43.61","42.97","43.62","42.86","3.88M","1.94%"
"04/12/2023","42.78","43.96","44.11","42.49","4.31M","-1.66%"
"04/11/2023","43.50","43.29","43.72","43.01","3.67M","0.23%"
"04/10/2023","43.40","43.09","43.67","43.09","3.28M","-0.39%"
"04/06/2023","43.57","43.64","43.83","43.24","3.63M","-0.64%"
"04/05/2023","43.85","44.25","44.26","43.69","3.84M","-1.08%"
"04/04/2023","44.33","44.63","44.63","43.83","3.51M","0.11%"
"04/03/2023","44.28","44.15","44.35","43.83","3.54M","-0.20%"
"03/31/2023","44.37","44.08","44.42","43.74","4.05M","1.05%"
"03/30/2023","43.91","44.16","44.33","43.63","3.46M","0.64%"
"03/29/2023","43.63","43.20","43.67","43.20","3.59M","1.77%"
"03/28/2023","42.87","42.72","43.00","42.56","2.83M","0.63%"
"03/27/2023","42.60","42.77","43.02","42.55","4.04M","-0.14%"
"03/24/2023","42.66","42.21","42.85","41.66","4.54M","0.49%"
"03/23/2023","42.45","43.09","43.20","42.02","4.81M","-0.96%"
"03/22/2023","42.86","43.59","44.09","42.83","5.09M","-2.03%"
"03/21/2023","43.75","43.14","43.98","43.10","6.12M","1.65%"
"03/20/2023","43.04","42.10","43.47","42.00","6.20M","2.33%"
"03/17/2023","42.06","41.15","42.31","40.94","11.51M","1.47%"
"03/16/2023","41.45","40.28","41.62","40.23","6.02M","1.57%"
"03/15/2023","40.81","40.49","40.94","40.13","5.74M","-0.85%"
"03/14/2023","41.16","41.78","41.95","40.62","6.37M","0.17%"
"03/13/2023","41.09","41.62","41.88","41.02","5.95M","-2.26%"
"03/10/2023","42.04","42.75","42.87","41.67","4.53M","-2.12%"
"03/09/2023","42.95","44.02","44.28","42.92","4.09M","-2.96%"
"03/08/2023","44.26","43.85","44.33","43.16","6.10M","0.64%"
"03/07/2023","43.98","44.86","45.09","43.83","5.33M","-1.72%"
"03/06/2023","44.75","45.95","46.10","44.64","5.97M","-2.80%"
"03/03/2023","46.04","45.93","46.24","45.81","3.74M","1.01%"
"03/02/2023","45.58","45.50","45.74","45.31","4.14M","-0.37%"
"03/01/2023","45.75","45.68","46.27","45.38","4.24M","-0.33%"
"02/28/2023","45.90","45.71","46.31","45.58","5.34M","0.22%"
"02/27/2023","45.80","45.32","45.85","45.08","5.19M","1.62%"
"02/24/2023","45.07","44.71","45.25","44.31","5.80M","-0.62%"
"02/23/2023","45.35","45.40","45.89","43.71","12.46M","-5.22%"
"02/22/2023","47.85","48.12","48.33","47.40","7.39M","-0.08%"
"02/21/2023","47.89","47.89","48.81","47.82","5.95M","-0.73%"
"02/17/2023","48.24","48.56","48.70","47.75","5.51M","-0.86%"
"02/16/2023","48.66","48.62","49.19","48.29","3.76M","-1.99%"
"02/15/2023","49.65","48.41","49.66","48.21","3.71M","1.74%"
"02/14/2023","48.80","48.73","49.19","48.21","3.92M","-0.27%"
"02/13/2023","48.93","48.20","49.02","47.92","4.74M","1.77%"
"02/10/2023","48.08","48.08","48.33","47.65","3.75M","-0.64%"
"02/09/2023","48.39","49.75","49.85","48.15","3.07M","-1.57%"
"02/08/2023","49.16","49.60","50.00","48.83","3.43M","-2.01%"
"02/07/2023","50.17","49.77","50.37","49.07","3.54M","0.38%"
"02/06/2023","49.98","50.03","50.40","49.65","3.14M","-1.34%"
"02/03/2023","50.66","50.31","51.31","50.11","3.81M","-1.94%"
"02/02/2023","51.66","50.75","52.23","50.69","6.39M","2.50%"
"02/01/2023","50.40","49.26","50.74","48.69","4.57M","1.82%"
"01/31/2023","49.50","48.91","49.55","48.79","4.33M","1.25%"
"01/30/2023","48.89","48.32","49.88","48.31","4.07M","-0.22%"
"01/27/2023","49.00","48.97","49.70","48.88","3.90M","-0.33%"
"01/26/2023","49.16","49.46","49.47","48.16","4.15M","0.47%"
"01/25/2023","48.93","46.47","49.07","46.32","5.96M","4.80%"
"01/24/2023","46.69","47.28","47.42","46.51","4.86M","-2.04%"
"01/23/2023","47.66","46.94","47.83","46.57","3.25M","2.14%"
"01/20/2023","46.66","45.76","46.73","45.54","3.44M","2.46%"
"01/19/2023","45.54","45.65","45.93","44.94","5.62M","-0.96%"
"01/18/2023","45.98","47.00","47.40","45.96","3.43M","-1.69%"
"01/17/2023","46.77","46.23","47.11","46.05","5.21M","1.10%"
"01/13/2023","46.26","45.72","46.30","45.44","3.13M","-0.37%"
"01/12/2023","46.43","46.73","46.80","45.82","3.81M","-0.39%"
"01/11/2023","46.61","45.69","46.69","45.51","5.46M","3.37%"
"01/10/2023","45.09","43.32","45.13","43.32","4.43M","3.61%"
"01/09/2023","43.52","44.76","45.44","43.44","7.10M","-3.52%"
"01/06/2023","45.11","43.62","45.45","43.06","5.29M","4.66%"
"01/05/2023","43.10","43.01","43.36","42.53","3.75M","0.02%"
"01/04/2023","43.09","42.79","43.34","42.28","3.74M","2.23%"
"01/03/2023","42.15","42.08","42.66","41.54","4.49M","1.64%"
"12/30/2022","41.47","41.24","41.49","40.98","4.43M","-0.84%"
"12/29/2022","41.82","40.27","41.92","40.07","6.39M","4.76%"
"12/28/2022","39.92","40.06","40.40","39.76","3.55M","-0.40%"
"12/27/2022","40.08","40.11","40.37","39.70","3.95M","-0.22%"
"12/23/2022","40.17","39.86","40.33","39.53","2.42M","0.12%"
"12/22/2022","40.12","40.63","40.72","39.48","3.93M","-2.81%"
"12/21/2022","41.28","41.27","41.50","41.01","4.05M","0.76%"
"12/20/2022","40.97","41.44","41.47","40.65","4.27M","-0.90%"
"12/19/2022","41.34","41.08","41.41","40.63","7.82M","0.83%"
"12/16/2022","41.00","42.04","42.15","40.62","14.56M","-3.05%"
"12/15/2022","42.29","43.06","43.15","42.01","5.17M","-3.34%"
"12/14/2022","43.75","43.61","44.28","42.90","5.66M","0.07%"
"12/13/2022","43.72","45.36","45.86","43.32","5.66M","0.00%"
"12/12/2022","43.72","43.70","43.73","43.09","4.24M","0.18%"
"12/09/2022","43.64","43.53","44.05","43.31","4.08M","-0.55%"
"12/08/2022","43.88","43.50","44.16","43.26","3.85M","1.67%"
"12/07/2022","43.16","43.10","43.92","42.96","5.53M","-0.44%"
"12/06/2022","43.35","43.73","43.82","42.74","8.69M","-1.34%"
"12/05/2022","43.94","44.85","44.92","43.82","4.64M","-2.79%"
"12/02/2022","45.20","44.81","45.45","44.38","4.34M","0.09%"
"12/01/2022","45.16","45.36","46.09","45.05","4.79M","-0.62%"
"11/30/2022","45.44","43.84","45.63","43.53","8.88M","3.82%"
"11/29/2022","43.77","44.60","44.66","43.62","4.42M","-1.26%"
"11/28/2022","44.33","45.00","45.39","44.25","5.88M","-1.58%"
"11/25/2022","45.04","44.67","45.21","44.56","2.33M","-0.42%"
"11/23/2022","45.23","45.35","45.78","45.11","4.98M","0.22%"
"11/22/2022","45.13","44.88","45.16","44.40","3.82M","0.89%"
"11/21/2022","44.73","45.36","45.60","44.54","4.10M","-2.08%"
"11/18/2022","45.68","46.12","46.15","45.24","3.79M","0.46%"
"11/17/2022","45.47","44.66","45.65","44.57","3.62M","-0.04%"
"11/16/2022","45.49","46.28","46.46","45.31","5.26M","-3.25%"
"11/15/2022","47.02","47.07","47.13","46.03","5.47M","2.42%"
"11/14/2022","45.91","46.34","46.88","45.85","6.19M","-1.29%"
"11/11/2022","46.51","45.00","46.99","44.74","7.30M","4.14%"
"11/10/2022","44.66","42.49","44.79","42.26","9.21M","10.08%"
"11/09/2022","40.57","41.35","41.46","40.49","5.21M","-2.48%"
"11/08/2022","41.60","40.58","42.24","40.22","7.89M","2.51%"
"11/07/2022","40.58","40.37","40.66","39.37","5.26M","1.27%"
"11/04/2022","40.07","39.47","40.78","39.03","7.33M","3.22%"
"11/03/2022","38.82","39.91","40.93","38.41","14.05M","2.00%"
"11/02/2022","38.06","39.92","40.00","38.01","8.54M","-4.40%"
"11/01/2022","39.81","40.52","40.84","39.29","4.96M","-0.08%"
"10/31/2022","39.84","40.35","40.61","39.42","6.86M","-1.19%"
"10/28/2022","40.32","38.80","40.41","38.48","7.75M","1.18%"
"10/27/2022","39.85","39.70","40.63","39.62","6.13M","0.71%"
"10/26/2022","39.57","38.99","40.56","38.92","5.86M","1.54%"
"10/25/2022","38.97","38.61","39.12","38.14","6.54M","0.75%"
"10/24/2022","38.68","38.41","38.81","37.60","5.90M","0.70%"
"10/21/2022","38.41","37.41","38.45","37.08","4.45M","2.10%"
"10/20/2022","37.62","37.70","38.66","37.48","5.11M","-0.50%"
"10/19/2022","37.81","38.28","38.64","37.28","5.10M","-1.79%"
"10/18/2022","38.50","38.99","39.32","38.16","5.33M","1.72%"
"10/17/2022","37.85","38.01","38.45","37.79","5.98M","2.08%"
"10/14/2022","37.08","38.30","38.46","37.01","5.72M","-2.32%"
"10/13/2022","37.96","36.21","38.34","35.92","7.87M","2.24%"
"10/12/2022","37.13","36.99","37.24","36.61","6.32M","0.49%"
"10/11/2022","36.95","37.21","37.80","36.62","6.22M","-1.62%"
"10/10/2022","37.56","37.91","38.09","37.29","5.19M","0.03%"
"10/07/2022","37.55","38.51","38.58","37.42","6.73M","-3.45%"
"10/06/2022","38.89","38.95","39.63","38.83","6.47M","-0.59%"
"10/05/2022","39.12","38.25","39.49","38.18","7.29M","1.16%"
"10/04/2022","38.67","38.11","39.18","38.09","8.19M","3.90%"
"10/03/2022","37.22","36.94","37.62","36.18","8.93M","1.11%"
"09/30/2022","36.81","37.41","37.96","36.76","5.95M","-2.33%"
"09/29/2022","37.69","37.96","38.06","37.28","4.21M","-2.38%"
"09/28/2022","38.61","37.60","38.81","37.55","4.45M","2.77%"
"09/27/2022","37.57","38.52","38.59","37.26","5.30M","-1.47%"
"09/26/2022","38.13","38.16","39.10","38.10","5.57M","-0.16%"
"09/23/2022","38.19","38.03","38.22","37.50","5.16M","-0.29%"
"09/22/2022","38.30","38.85","38.93","38.01","5.49M","-1.62%"
"09/21/2022","38.93","40.04","40.31","38.80","6.35M","-2.43%"
"09/20/2022","39.90","41.04","41.04","39.71","7.59M","-3.51%"
"09/19/2022","41.35","41.76","41.87","41.08","6.71M","-1.55%"
"09/16/2022","42.00","41.85","42.13","41.14","9.31M","-1.55%"
"09/15/2022","42.66","42.49","43.83","42.43","6.82M","0.21%"
"09/14/2022","42.57","42.88","42.92","41.88","7.18M","-0.51%"
"09/13/2022","42.79","44.15","44.39","42.60","6.33M","-6.00%"
"09/12/2022","45.52","45.37","45.85","45.11","4.74M","0.93%"
"09/09/2022","45.10","44.38","45.15","44.27","4.26M","1.92%"
"09/08/2022","44.25","44.36","44.52","43.56","5.95M","-0.92%"
"09/07/2022","44.66","43.15","44.87","43.09","4.81M","3.76%"
"09/06/2022","43.04","44.22","44.29","42.93","6.22M","-2.43%"
"09/02/2022","44.11","45.19","45.46","43.83","4.20M","-1.47%"
"09/01/2022","44.77","43.99","44.80","43.63","4.66M","1.45%"
"08/31/2022","44.13","44.69","44.81","43.90","7.29M","-0.72%"
"08/30/2022","44.45","44.87","45.06","44.08","4.28M","-0.02%"
"08/29/2022","44.46","44.26","44.85","43.90","4.54M","-0.16%"
"08/26/2022","44.53","47.03","47.21","44.51","3.98M","-4.42%"
"08/25/2022","46.59","45.73","46.62","45.56","3.23M","2.33%"
"08/24/2022","45.53","45.23","46.26","45.17","4.21M","0.22%"
"08/23/2022","45.43","45.32","46.36","45.16","4.31M","0.09%"
"08/22/2022","45.39","46.70","46.70","45.33","4.32M","-3.57%"
"08/19/2022","47.07","47.85","48.08","46.54","4.38M","-3.03%"
"08/18/2022","48.54","48.39","48.72","47.82","3.53M","-0.06%"
"08/17/2022","48.57","48.89","49.03","48.24","3.83M","-1.88%"
"08/16/2022","49.50","48.69","50.17","48.58","5.31M","1.68%"
"08/15/2022","48.68","49.17","49.24","48.19","3.71M","-1.54%"
"08/12/2022","49.44","48.95","49.48","48.68","2.89M","1.79%"
"08/11/2022","48.57","48.87","49.52","48.13","4.58M","0.14%"
"08/10/2022","48.50","48.86","49.29","48.47","4.85M","1.04%"
"08/09/2022","48.00","47.57","48.02","47.02","6.08M","0.82%"
"08/08/2022","47.61","47.63","49.00","47.20","4.79M","0.70%"
"08/05/2022","47.28","47.33","47.66","46.69","5.49M","-1.23%"
"08/04/2022","47.87","50.10","50.19","46.66","10.60M","-5.17%"
"08/03/2022","50.48","49.00","50.82","49.00","8.75M","4.23%"
"08/02/2022","48.43","48.69","48.84","47.75","5.25M","-1.04%"
"08/01/2022","48.94","47.85","49.34","47.65","4.81M","0.64%"
"07/29/2022","48.63","49.13","49.72","48.38","7.24M","0.87%"
"07/28/2022","48.21","47.37","48.24","46.48","4.91M","2.18%"
"07/27/2022","47.18","45.95","47.52","45.83","4.12M","3.33%"
"07/26/2022","45.66","45.39","45.79","45.24","3.83M","-1.93%"
"07/25/2022","46.56","46.68","47.04","46.14","4.04M","-0.26%"
"07/22/2022","46.68","46.59","47.37","46.36","4.91M","0.06%"
"07/21/2022","46.65","46.08","46.67","45.85","2.96M","1.00%"
"07/20/2022","46.19","45.59","46.47","45.42","4.07M","1.78%"
"07/19/2022","45.38","43.89","45.49","43.89","4.29M","4.11%"
"07/18/2022","43.59","43.98","44.72","43.35","4.54M","-0.05%"
"07/15/2022","43.61","42.99","43.96","42.85","6.41M","3.76%"
"07/14/2022","42.03","42.20","42.36","41.22","3.62M","-1.08%"
"07/13/2022","42.49","42.20","43.15","41.94","4.44M","-1.64%"
"07/12/2022","43.20","43.06","43.95","42.87","4.75M","0.86%"
"07/11/2022","42.83","43.02","43.16","42.39","5.99M","-0.72%"
"07/08/2022","43.14","43.40","43.83","42.75","3.72M","-1.55%"
"07/07/2022","43.82","43.72","44.07","43.19","6.22M","0.23%"
"07/06/2022","43.72","44.40","44.96","43.56","6.44M","-0.48%"
"07/05/2022","43.93","42.26","43.96","41.89","6.41M","2.42%"
"07/01/2022","42.89","41.94","43.04","41.76","4.95M","2.93%"
"06/30/2022","41.67","42.42","42.42","41.02","6.57M","-2.34%"
"06/29/2022","42.67","42.58","43.03","42.29","3.52M","0.05%"
"06/28/2022","42.65","43.40","44.47","42.60","5.44M","-3.90%"
"06/27/2022","44.38","45.87","45.94","44.22","4.70M","-2.82%"
"06/24/2022","45.67","43.35","45.78","43.22","20.44M","6.28%"
"06/23/2022","42.97","42.17","43.11","42.05","5.24M","-0.37%"
"06/22/2022","43.13","41.88","43.65","41.83","7.34M","1.99%"
"06/21/2022","42.29","42.70","43.47","42.20","7.63M","0.19%"
"06/17/2022","42.21","41.51","42.57","41.43","21.19M","2.75%"
"06/16/2022","41.08","42.29","42.50","40.52","9.96M","-5.58%"
"06/15/2022","43.51","42.97","44.04","42.58","8.23M","2.18%"
"06/14/2022","42.58","43.20","43.59","42.21","5.29M","-0.82%"
"06/13/2022","42.93","43.01","43.97","42.67","9.22M","-3.05%"
"06/10/2022","44.28","44.35","45.58","44.28","8.76M","-5.16%"
"06/09/2022","46.69","47.20","47.44","46.43","5.14M","-2.08%"
"06/08/2022","47.68","47.82","48.14","47.30","4.40M","0.36%"
"06/07/2022","47.51","46.90","47.67","46.68","5.11M","-0.34%"
"06/06/2022","47.67","47.99","48.76","47.47","5.35M","1.23%"
"06/03/2022","47.09","47.32","47.54","46.79","6.12M","-1.42%"
"06/02/2022","47.77","46.86","47.78","46.44","5.29M","1.70%"
"06/01/2022","46.97","49.08","49.08","46.81","7.17M","-3.49%"
"05/31/2022","48.67","48.44","49.30","47.32","17.67M","-0.31%"
"05/27/2022","48.82","47.22","48.83","47.05","8.70M","5.06%"
"05/26/2022","46.47","45.68","46.81","45.49","6.30M","3.70%"
"05/25/2022","44.81","43.87","45.13","43.87","7.52M","1.43%"
"05/24/2022","44.18","44.40","45.63","43.62","8.32M","-2.24%"
"05/23/2022","45.19","44.74","45.35","44.00","6.12M","1.99%"
"05/20/2022","44.31","44.96","45.32","43.28","7.45M","-0.69%"
"05/19/2022","44.62","44.62","45.33","44.02","7.67M","-0.71%"
"05/18/2022","44.94","46.10","46.78","44.65","5.88M","-4.22%"
"05/17/2022","46.92","45.64","47.12","45.40","5.70M","4.06%"
"05/16/2022","45.09","46.49","46.49","44.90","6.94M","-3.34%"
"05/13/2022","46.65","46.46","46.76","45.72","6.46M","1.06%"
"05/12/2022","46.16","45.98","47.82","45.19","8.92M","-0.90%"
"05/11/2022","46.58","48.31","48.95","46.47","7.09M","-4.14%"
"05/10/2022","48.59","49.97","50.89","48.38","7.61M","-1.36%"
"05/09/2022","49.26","48.08","50.92","47.67","12.83M","0.92%"
"05/06/2022","48.81","48.00","49.64","47.03","11.28M","1.60%"
"05/05/2022","48.04","51.21","51.82","47.29","19.29M","-11.72%"
"05/04/2022","54.42","53.48","54.49","52.31","9.50M","1.80%"
"05/03/2022","53.46","53.28","54.25","53.02","8.06M","0.58%"
"05/02/2022","53.15","51.97","53.22","51.46","6.14M","2.37%"
"04/29/2022","51.92","51.52","53.98","51.52","8.34M","-3.44%"
"04/28/2022","53.77","52.47","54.05","52.15","6.01M","3.28%"
"04/27/2022","52.06","52.99","53.89","52.00","4.91M","-1.96%"
"04/26/2022","53.10","53.59","53.96","52.48","4.95M","-0.99%"
"04/25/2022","53.63","52.93","53.88","52.71","5.50M","0.87%"
"04/22/2022","53.17","54.60","54.83","53.08","4.91M","-2.92%"
"04/21/2022","54.77","55.23","55.86","54.54","4.41M","-0.16%"
"04/20/2022","54.86","55.32","55.36","54.76","4.94M","-0.56%"
"04/19/2022","55.17","54.16","55.22","54.16","4.70M","1.12%"
"04/18/2022","54.56","53.83","54.75","53.67","4.12M","0.76%"
"04/14/2022","54.15","55.20","55.47","53.98","4.45M","-1.76%"
"04/13/2022","55.12","54.09","55.47","53.96","3.79M","1.62%"
"04/12/2022","54.24","55.33","55.78","54.12","3.99M","-1.18%"
"04/11/2022","54.89","54.36","56.23","54.36","4.10M","-0.25%"
"04/08/2022","55.03","54.50","55.44","54.12","3.75M","1.20%"
"04/07/2022","54.38","53.88","54.84","53.50","5.00M","0.48%"
"04/06/2022","54.12","55.83","56.15","53.48","6.36M","-4.04%"
"04/05/2022","56.40","56.68","57.73","55.98","5.04M","-0.58%"
"04/04/2022","56.73","58.08","58.37","56.49","6.65M","-1.70%"
"04/01/2022","57.71","57.87","58.33","57.30","4.95M","0.79%"
"03/31/2022","57.26","59.16","59.16","57.24","9.38M","-3.54%"
"03/30/2022","59.36","59.73","60.34","59.12","5.94M","-1.41%"
"03/29/2022","60.21","59.38","60.38","59.38","5.34M","2.43%"
"03/28/2022","58.78","57.42","58.83","56.93","7.16M","2.37%"
"03/25/2022","57.42","57.38","58.05","56.95","6.24M","0.33%"
"03/24/2022","57.23","55.74","57.39","55.54","6.89M","2.93%"
"03/23/2022","55.60","55.42","56.06","54.65","5.33M","-0.27%"
"03/22/2022","55.75","54.98","56.26","54.95","7.12M","0.78%"
"03/21/2022","55.32","55.58","56.24","54.88","5.92M","-1.25%"
"03/18/2022","56.02","55.10","56.67","55.10","10.59M","0.63%"
"03/17/2022","55.67","54.28","55.86","54.06","5.97M","1.64%"
"03/16/2022","54.77","53.79","54.90","53.08","7.56M","1.54%"
"03/15/2022","53.94","52.51","54.56","52.22","8.93M","3.55%"
"03/14/2022","52.09","50.20","53.25","50.01","9.21M","4.06%"
"03/11/2022","50.06","52.90","52.90","50.00","9.22M","-4.39%"
"03/10/2022","52.36","53.02","55.48","51.28","18.93M","-1.32%"
"03/09/2022","53.06","53.93","53.93","52.60","10.25M","-0.47%"
"03/08/2022","53.31","54.94","55.93","53.25","9.55M","-2.81%"
"03/07/2022","54.85","55.50","56.46","54.74","9.96M","-1.46%"
"03/04/2022","55.66","54.29","56.44","54.09","8.30M","2.28%"
"03/03/2022","54.42","55.64","55.64","53.46","6.14M","-1.22%"
"03/02/2022","55.09","54.35","55.45","53.68","8.50M","1.36%"
"03/01/2022","54.35","54.56","55.05","53.94","9.30M","-0.44%"
"02/28/2022","54.59","54.32","54.99","53.41","9.28M","-0.02%"
"02/25/2022","54.60","55.37","55.57","53.38","8.34M","-1.52%"
"02/24/2022","55.44","50.22","55.64","49.53","24.11M","1.56%"
"02/23/2022","54.59","55.53","55.89","54.47","11.48M","-1.02%"
"02/22/2022","55.15","55.12","56.75","54.89","6.95M","-0.56%"
"02/18/2022","55.46","55.36","55.89","54.27","7.22M","-0.54%"
"02/17/2022","55.76","57.48","57.70","55.53","5.66M","-3.28%"
"02/16/2022","57.65","59.69","59.75","57.26","5.20M","-3.80%"
"02/15/2022","59.93","58.96","59.99","58.63","3.80M","3.01%"
"02/14/2022","58.18","58.53","58.64","57.68","5.71M","-0.34%"
"02/11/2022","58.38","59.31","59.94","58.05","5.90M","-0.73%"
"02/10/2022","58.81","59.49","60.03","58.48","3.98M","-2.97%"
"02/09/2022","60.61","60.37","60.65","59.70","3.45M","1.47%"
"02/08/2022","59.73","58.44","59.91","58.44","3.77M","1.75%"
"02/07/2022","58.70","59.18","59.73","58.54","5.72M","-1.00%"
"02/04/2022","59.29","57.34","60.27","57.25","10.59M","3.67%"
"02/03/2022","57.19","58.00","58.09","56.93","6.29M","-2.31%"
"02/02/2022","58.54","60.47","60.59","57.42","8.83M","-3.21%"
"02/01/2022","60.48","59.91","60.62","59.56","4.08M","0.68%"
"01/31/2022","60.07","57.73","60.39","57.66","9.06M","4.40%"
"01/28/2022","57.54","56.74","57.60","55.91","5.03M","1.48%"
"01/27/2022","56.70","58.04","58.71","56.40","4.95M","-1.75%"
"01/26/2022","57.71","58.57","59.49","57.20","7.60M","-0.81%"
"01/25/2022","58.18","58.44","58.57","56.92","7.64M","-2.48%"
"01/24/2022","59.66","58.97","59.72","56.88","9.32M","0.20%"
"01/21/2022","59.54","60.92","61.34","59.37","7.74M","-1.93%"
"01/20/2022","60.71","62.85","63.68","60.67","5.35M","-2.54%"
"01/19/2022","62.29","61.96","62.84","61.92","6.72M","1.10%"
"01/18/2022","61.61","62.80","62.80","61.53","7.16M","-2.90%"
"01/14/2022","63.45","63.17","63.84","62.64","6.19M","0.27%"
"01/13/2022","63.28","64.74","65.24","63.17","4.42M","-1.62%"
"01/12/2022","64.32","66.87","66.99","63.85","5.43M","-3.18%"
"01/11/2022","66.43","64.58","66.52","64.07","3.81M","2.88%"
"01/10/2022","64.57","65.72","66.33","63.72","6.68M","-2.64%"
"01/07/2022","66.32","66.73","67.33","66.28","5.00M","-0.73%"
"01/06/2022","66.81","64.14","67.49","64.08","8.22M","3.60%"
"01/05/2022","64.49","64.87","66.27","64.46","7.44M","-1.00%"
"01/04/2022","65.14","67.17","67.42","64.44","7.53M","-2.49%"
"01/03/2022","66.80","66.45","67.12","65.66","6.69M","0.45%"
"12/31/2021","66.50","66.74","66.92","65.73","5.94M","-0.42%"
"12/30/2021","66.78","66.28","67.64","66.24","3.67M","0.48%"
"12/29/2021","66.46","65.93","66.75","65.60","3.65M","0.58%"
"12/28/2021","66.08","65.82","66.71","65.47","5.53M","0.64%"
"12/27/2021","65.66","65.21","65.85","64.97","6.05M","1.19%"
"12/23/2021","64.89","64.00","65.43","63.67","6.05M","1.49%"
"12/22/2021","63.94","63.75","64.65","63.34","5.84M","0.36%"
"12/21/2021","63.71","64.21","64.55","63.30","9.84M","-0.13%"
"12/20/2021","63.79","62.91","65.16","62.82","8.12M","-0.37%"
"12/17/2021","64.03","63.65","65.14","62.97","19.37M","-0.02%"
"12/16/2021","64.04","65.78","66.13","63.95","8.52M","-2.39%"
"12/15/2021","65.61","65.32","65.76","64.25","10.20M","-0.36%"
"12/14/2021","65.85","66.25","66.46","65.27","9.30M","-1.26%"
"12/13/2021","66.69","66.47","67.44","66.22","6.04M","-0.30%"
"12/10/2021","66.89","66.81","67.15","65.94","7.59M","0.44%"
"12/09/2021","66.60","66.99","67.69","66.55","4.52M","-0.83%"
"12/08/2021","67.16","67.33","67.71","66.28","6.75M","-0.10%"
"12/07/2021","67.23","66.72","67.65","66.53","6.22M","1.76%"
"12/06/2021","66.07","67.13","67.14","65.54","6.41M","-1.46%"
"12/03/2021","67.05","67.78","68.54","66.31","10.34M","-0.64%"
"12/02/2021","67.48","67.17","67.95","66.28","8.38M","1.00%"
"12/01/2021","66.81","68.64","68.65","66.74","11.86M","-0.96%"
"11/30/2021","67.46","70.33","70.72","66.89","21.87M","-4.38%"
"11/29/2021","70.55","72.54","72.65","69.53","7.79M","-2.65%"
"11/26/2021","72.47","72.97","73.60","72.10","4.12M","-0.26%"
"11/24/2021","72.66","71.35","72.88","70.91","4.68M","1.41%"
"11/23/2021","71.65","73.21","73.38","71.04","10.52M","-2.61%"
"11/22/2021","73.57","74.43","75.19","73.54","4.58M","-1.42%"
"11/19/2021","74.63","74.90","76.41","74.47","5.57M","-0.12%"
"11/18/2021","74.72","73.50","75.05","73.46","9.83M","1.83%"
"11/17/2021","73.38","75.80","75.92","72.99","6.39M","-3.31%"
"11/16/2021","75.89","74.30","76.58","74.19","6.20M","2.26%"
"11/15/2021","74.21","74.47","76.24","74.00","5.08M","0.41%"
"11/12/2021","73.91","73.46","74.13","72.53","3.79M","0.83%"
"11/11/2021","73.30","74.03","74.95","73.29","4.20M","0.10%"
"11/10/2021","73.23","73.87","74.72","72.94","6.13M","-0.99%"
"11/09/2021","73.96","74.10","75.47","73.78","8.32M","0.27%"
"11/08/2021","73.76","75.79","76.53","73.50","8.32M","-2.40%"
"11/05/2021","75.57","76.65","76.94","75.53","4.69M","-0.93%"
"11/04/2021","76.28","75.66","77.00","74.95","5.96M","1.10%"
"11/03/2021","75.45","74.69","76.13","73.86","9.46M","0.73%"
"11/02/2021","74.90","75.63","76.38","74.47","7.00M","-1.83%"
"11/01/2021","76.30","76.47","77.61","75.55","7.92M","-0.55%"
"10/29/2021","76.72","72.07","76.98","72.07","16.71M","5.95%"
"10/28/2021","72.41","74.03","74.48","70.55","17.83M","-6.76%"
"10/27/2021","77.66","78.25","78.50","77.29","7.90M","-1.07%"
"10/26/2021","78.50","80.97","80.98","78.40","6.15M","-2.57%"
"10/25/2021","80.57","80.59","81.06","79.90","6.30M","-0.02%"
"10/22/2021","80.59","76.29","81.19","76.29","11.05M","5.75%"
"10/21/2021","76.21","75.58","76.27","75.06","3.62M","0.32%"
"10/20/2021","75.97","74.96","76.95","74.62","5.20M","1.67%"
"10/19/2021","74.72","74.41","75.38","74.38","3.43M","0.63%"
"10/18/2021","74.25","74.67","75.05","73.89","5.73M","-0.87%"
"10/15/2021","74.90","75.24","75.42","74.64","4.36M","0.29%"
"10/14/2021","74.68","75.55","75.75","74.22","4.77M","-0.29%"
"10/13/2021","74.90","74.97","75.33","74.24","2.93M","0.31%"
"10/12/2021","74.67","75.21","75.71","74.51","3.41M","0.23%"
"10/11/2021","74.50","74.69","74.90","74.20","2.82M","-0.73%"
"10/08/2021","75.05","74.44","75.95","74.33","4.67M","1.19%"
"10/07/2021","74.17","72.97","75.17","72.85","7.31M","3.68%"
"10/06/2021","71.54","69.31","71.60","69.14","4.87M","2.24%"
"10/05/2021","69.97","68.88","70.63","68.67","3.93M","2.19%"
"10/04/2021","68.47","69.43","69.58","68.28","4.65M","-2.06%"
"10/01/2021","69.91","69.70","70.36","69.02","4.07M","0.34%"
"09/30/2021","69.67","70.27","70.66","69.62","3.93M","-0.43%"
"09/29/2021","69.97","71.52","71.83","69.73","5.62M","-1.81%"
"09/28/2021","71.26","72.83","73.67","70.73","5.38M","-3.27%"
"09/27/2021","73.67","72.73","73.81","72.41","4.27M","0.93%"
"09/24/2021","72.99","72.93","73.40","72.71","3.49M","-0.71%"
"09/23/2021","73.51","73.49","74.40","73.18","4.13M","0.41%"
"09/22/2021","73.21","72.59","73.73","72.38","4.03M","1.51%"
"09/21/2021","72.12","73.41","74.03","72.07","5.38M","-1.03%"
"09/20/2021","72.87","72.68","73.00","70.75","9.84M","-1.67%"
"09/17/2021","74.11","74.89","75.10","73.73","8.87M","-0.79%"
"09/16/2021","74.70","73.43","75.11","73.31","6.63M","0.96%"
"09/15/2021","73.99","71.96","74.99","71.86","10.77M","3.64%"
"09/14/2021","71.39","72.75","73.02","71.03","6.58M","-1.76%"
"09/13/2021","72.67","72.96","73.13","71.87","5.77M","0.15%"
"09/10/2021","72.56","73.98","74.26","72.48","5.39M","-0.60%"
"09/09/2021","73.00","73.83","74.09","72.94","5.16M","-1.26%"
"09/08/2021","73.93","74.82","74.99","73.68","6.35M","-1.04%"
"09/07/2021","74.71","76.41","76.46","74.65","6.04M","-2.38%"
"09/03/2021","76.53","76.31","76.95","75.98","4.44M","0.05%"
"09/02/2021","76.49","76.31","77.22","76.12","5.03M","0.45%"
"09/01/2021","76.15","77.06","77.06","75.90","5.74M","-0.77%"
"08/31/2021","76.74","77.49","77.72","76.57","6.81M","-1.04%"
"08/30/2021","77.55","76.43","77.83","76.04","5.54M","1.49%"
"08/27/2021","76.41","75.30","76.58","75.19","5.09M","1.02%"
"08/26/2021","75.64","74.34","75.96","73.76","5.54M","2.00%"
"08/25/2021","74.16","72.85","74.49","72.71","5.05M","1.81%"
"08/24/2021","72.84","73.53","74.00","72.62","6.13M","-0.49%"
"08/23/2021","73.20","73.41","73.47","71.78","5.04M","-0.22%"
"08/20/2021","73.36","72.90","73.84","72.81","5.40M","0.73%"
"08/19/2021","72.83","72.36","73.55","72.06","5.61M","0.00%"
"08/18/2021","72.83","72.98","74.14","72.36","6.54M","-0.01%"
"08/17/2021","72.84","74.04","74.74","72.66","9.42M","-3.20%"
"08/16/2021","75.25","73.72","76.55","73.51","12.69M","1.66%"
"08/13/2021","74.02","68.64","74.15","68.59","17.91M","7.45%"
"08/12/2021","68.89","67.17","69.04","66.36","10.68M","1.28%"
"08/11/2021","68.02","67.22","68.22","66.95","10.10M","1.05%"
"08/10/2021","67.31","65.36","67.58","65.35","7.36M","3.00%"
"08/09/2021","65.35","65.74","66.32","65.07","7.19M","-0.21%"
"08/06/2021","65.49","67.26","67.28","65.27","8.89M","-2.66%"
"08/05/2021","67.28","67.70","67.88","65.58","9.93M","-1.06%"
"08/04/2021","68.00","67.92","68.70","67.72","6.72M","-0.01%"
"08/03/2021","68.01","68.75","68.78","67.64","6.00M","-0.90%"
"08/02/2021","68.63","68.81","69.36","67.58","6.79M","0.62%"
"07/30/2021","68.21","72.06","72.07","68.07","12.00M","-7.08%"
"07/29/2021","73.41","73.14","74.13","73.05","4.96M","0.71%"
"07/28/2021","72.89","72.58","73.57","72.22","5.14M","0.83%"
"07/27/2021","72.29","73.09","73.24","71.07","8.16M","-1.32%"
"07/26/2021","73.26","72.89","73.97","72.89","7.65M","-0.38%"
"07/23/2021","73.54","72.12","73.77","71.66","6.70M","2.05%"
"07/22/2021","72.06","69.85","72.10","69.61","8.80M","3.15%"
"07/21/2021","69.86","69.41","70.07","69.23","6.08M","0.42%"
"07/20/2021","69.57","68.70","69.61","68.58","6.22M","1.52%"
"07/19/2021","68.53","67.61","68.88","67.28","6.46M","0.51%"
"07/16/2021","68.18","68.41","68.80","68.14","4.28M","0.06%"
"07/15/2021","68.14","68.06","68.63","67.64","4.58M","0.16%"
"07/14/2021","68.03","69.67","70.31","67.96","6.48M","-1.03%"
"07/13/2021","68.74","68.82","69.46","68.50","4.49M","-0.33%"
"07/12/2021","68.97","69.82","70.25","68.85","5.63M","-0.71%"
"07/09/2021","69.46","68.83","69.95","68.58","5.26M","1.18%"
"07/08/2021","68.65","68.66","69.29","68.38","5.58M","-2.03%"
"07/07/2021","70.07","69.15","70.52","68.99","6.02M","1.52%"
"07/06/2021","69.02","70.15","70.15","68.89","6.11M","-1.51%"
"07/02/2021","70.08","69.99","70.31","69.36","4.91M","0.40%"
"07/01/2021","69.80","70.21","70.76","69.03","8.52M","-0.58%"
"06/30/2021","70.21","70.23","70.65","69.69","7.30M","-0.40%"
"06/29/2021","70.49","69.00","70.64","68.85","6.51M","2.43%"
"06/28/2021","68.82","68.26","68.97","67.57","5.41M","1.35%"
"06/25/2021","67.90","66.75","68.19","66.75","9.00M","2.00%"
"06/24/2021","66.57","65.41","66.75","65.14","5.52M","1.94%"
"06/23/2021","65.30","65.02","65.93","64.89","4.46M","0.63%"
"06/22/2021","64.89","64.28","65.13","63.41","5.31M","0.76%"
"06/21/2021","64.40","63.38","64.97","63.36","6.48M","1.80%"
"06/18/2021","63.26","64.84","64.93","63.14","11.44M","-3.17%"
"06/17/2021","65.33","65.67","66.30","65.25","6.40M","-1.15%"
"06/16/2021","66.09","65.44","66.35","65.30","5.63M","0.20%"
"06/15/2021","65.96","66.00","66.35","65.47","5.01M","0.11%"
"06/14/2021","65.89","67.25","67.26","65.17","6.94M","-1.85%"
"06/11/2021","67.13","66.90","67.42","66.83","5.85M","0.57%"
"06/10/2021","66.75","66.32","66.98","65.77","5.79M","1.20%"
"06/09/2021","65.96","66.22","66.35","65.40","6.12M","0.24%"
"06/08/2021","65.80","65.52","65.94","65.26","5.71M","0.53%"
"06/07/2021","65.45","65.31","65.72","64.79","6.12M","0.34%"
"06/04/2021","65.23","64.38","65.89","64.14","8.98M","1.81%"
"06/03/2021","64.07","62.97","64.27","62.59","7.22M","1.04%"
"06/02/2021","63.41","61.39","63.57","61.02","10.60M","3.32%"
"06/01/2021","61.37","61.52","62.09","60.73","5.64M","0.80%"
"05/28/2021","60.88","59.96","61.42","59.66","10.89M","2.30%"
"05/27/2021","59.51","61.20","62.12","59.32","19.67M","-3.14%"
"05/26/2021","61.44","61.19","62.14","61.19","6.71M","0.23%"
"05/25/2021","61.30","61.24","61.84","60.86","6.07M","0.54%"
"05/24/2021","60.97","61.24","61.95","60.93","5.74M","-0.08%"
"05/21/2021","61.02","59.81","61.38","59.72","11.19M","2.61%"
"05/20/2021","59.47","60.11","60.27","59.35","8.10M","-0.54%"
"05/19/2021","59.79","60.40","60.40","59.07","8.05M","-2.45%"
"05/18/2021","61.29","61.70","62.69","60.69","6.11M","-0.65%"
"05/17/2021","61.69","60.81","61.79","60.54","6.89M","1.36%"
"05/14/2021","60.86","59.44","61.04","59.30","6.57M","3.61%"
"05/13/2021","58.74","58.59","59.37","58.06","6.39M","0.79%"
"05/12/2021","58.28","59.69","60.43","58.24","8.76M","-3.56%"
"05/11/2021","60.43","60.04","60.99","59.14","11.34M","-1.64%"
"05/10/2021","61.44","59.56","62.30","59.26","11.63M","2.78%"
"05/07/2021","59.78","59.10","60.01","58.40","10.35M","1.63%"
"05/06/2021","58.82","58.15","58.88","57.76","7.58M","1.00%"
"05/05/2021","58.24","57.40","58.88","57.39","7.00M","0.95%"
"05/04/2021","57.69","57.51","58.34","56.82","9.74M","-0.79%"
"05/03/2021","58.15","56.17","58.85","56.12","12.47M","4.23%"
"04/30/2021","55.79","55.73","56.89","55.65","10.07M","-0.50%"
"04/29/2021","56.07","57.29","57.34","54.95","31.08M","-10.03%"
"04/28/2021","62.32","62.08","62.87","61.82","7.81M","1.00%"
"04/27/2021","61.70","61.72","62.31","61.38","5.58M","0.19%"
"04/26/2021","61.58","61.00","61.61","60.77","4.54M","1.10%"
"04/23/2021","60.91","60.88","61.17","60.44","5.07M","0.28%"
"04/22/2021","60.74","61.85","61.90","60.53","6.85M","-1.68%"
"04/21/2021","61.78","61.44","61.87","60.88","5.09M","-0.02%"
"04/20/2021","61.79","63.63","63.80","61.21","5.51M","-3.14%"
"04/19/2021","63.79","64.63","65.11","63.60","5.29M","-1.76%"
"04/16/2021","64.93","64.52","64.99","64.29","4.65M","0.89%"
"04/15/2021","64.36","63.33","64.54","63.03","4.68M","2.50%"
"04/14/2021","62.79","63.94","64.39","62.35","9.52M","-1.61%"
"04/13/2021","63.82","63.02","64.08","62.92","5.26M","1.88%"
"04/12/2021","62.64","62.47","62.88","62.13","5.00M","0.27%"
"04/09/2021","62.47","62.08","62.60","61.85","3.80M","0.45%"
"04/08/2021","62.19","62.30","62.65","61.76","3.95M","0.70%"
"04/07/2021","61.76","62.69","62.69","61.43","5.85M","-1.22%"
"04/06/2021","62.52","63.63","63.72","62.24","6.40M","-1.84%"
"04/05/2021","63.69","63.35","63.98","62.55","6.67M","0.92%"
"04/01/2021","63.11","61.40","63.24","61.39","5.21M","3.05%"
"03/31/2021","61.24","60.84","62.67","60.75","8.52M","1.53%"
"03/30/2021","60.32","59.53","60.63","59.05","5.40M","0.79%"
"03/29/2021","59.85","60.88","61.18","59.28","7.09M","-1.61%"
"03/26/2021","60.83","58.15","60.93","58.04","7.41M","4.72%"
"03/25/2021","58.09","57.73","58.43","56.98","5.71M","0.78%"
"03/24/2021","57.64","60.61","60.90","57.58","7.14M","-4.43%"
"03/23/2021","60.31","60.40","61.03","60.01","5.96M","0.03%"
"03/22/2021","60.29","59.92","60.85","59.56","6.58M","0.94%"
"03/19/2021","59.73","59.16","60.03","58.51","10.32M","1.41%"
"03/18/2021","58.90","58.32","60.12","58.00","6.55M","-0.17%"
"03/17/2021","59.00","56.73","59.72","56.72","6.79M","2.75%"
"03/16/2021","57.42","57.30","58.19","57.06","5.87M","-0.43%"
"03/15/2021","57.67","55.85","57.71","55.61","5.86M","3.35%"
"03/12/2021","55.80","55.68","56.10","55.03","5.03M","-0.78%"
"03/11/2021","56.24","55.95","56.58","55.46","5.89M","1.63%"
"03/10/2021","55.34","56.78","56.78","54.53","7.20M","-1.48%"
"03/09/2021","56.17","54.60","56.97","54.32","8.41M","5.01%"
"03/08/2021","53.49","53.87","55.19","53.45","7.62M","-0.50%"
"03/05/2021","53.76","53.88","54.12","51.51","8.40M","0.79%"
"03/04/2021","53.34","54.47","54.89","52.46","9.94M","-2.31%"
"03/03/2021","54.60","56.73","56.95","54.48","11.06M","-4.19%"
"03/02/2021","56.99","58.63","58.66","56.88","7.65M","-2.55%"
"03/01/2021","58.48","57.10","58.70","56.53","6.15M","3.65%"
"02/26/2021","56.42","57.34","57.66","56.25","9.01M","-0.98%"
"02/25/2021","56.98","59.40","59.97","56.85","7.87M","-4.04%"
"02/24/2021","59.38","60.99","61.05","58.83","8.05M","-3.24%"
"02/23/2021","61.37","60.68","61.73","59.82","5.83M","-0.31%"
"02/22/2021","61.56","62.10","62.29","60.96","5.25M","-0.68%"
"02/19/2021","61.98","63.19","63.36","61.87","5.46M","-1.31%"
"02/18/2021","62.80","62.70","63.35","62.22","5.96M","-0.40%"
"02/17/2021","63.05","62.58","63.24","62.05","4.18M","0.29%"
"02/16/2021","62.87","63.98","64.00","62.82","5.56M","-0.23%"
"02/12/2021","63.01","62.05","63.19","61.94","5.62M","1.12%"
"02/11/2021","62.31","62.60","62.98","61.67","3.66M","-0.02%"
"02/10/2021","62.32","62.55","63.22","61.76","4.47M","0.14%"
"02/09/2021","62.23","63.87","63.91","62.12","5.04M","-2.52%"
"02/08/2021","63.84","62.60","64.06","62.56","9.79M","2.59%"
"02/05/2021","62.23","61.16","62.82","60.24","12.71M","1.82%"
"02/04/2021","61.12","63.96","64.85","60.67","29.41M","5.31%"
"02/03/2021","58.04","58.10","58.80","57.67","10.67M","1.24%"
"02/02/2021","57.33","58.51","58.78","57.10","8.58M","-1.95%"
"02/01/2021","58.47","56.83","58.70","56.65","7.48M","3.47%"
"01/29/2021","56.51","56.22","57.58","55.31","10.92M","0.12%"
"01/28/2021","56.44","58.00","58.86","55.94","11.68M","-3.27%"
"01/27/2021","58.35","58.64","60.55","58.05","10.65M","-1.39%"
"01/26/2021","59.17","57.09","59.31","56.97","8.39M","3.35%"
"01/25/2021","57.25","57.00","58.38","56.82","9.82M","1.40%"
"01/22/2021","56.46","56.20","56.57","55.64","3.32M","0.11%"
"01/21/2021","56.40","56.30","56.47","55.32","5.27M","0.41%"
"01/20/2021","56.17","57.30","57.54","56.12","4.80M","-1.42%"
"01/19/2021","56.98","55.55","57.20","55.44","8.94M","2.81%"
"01/15/2021","55.42","55.29","55.71","54.31","9.71M","0.27%"
"01/14/2021","55.27","55.83","55.83","54.98","6.94M","-0.79%"
"01/13/2021","55.71","55.78","56.37","55.35","8.19M","-0.59%"
"01/12/2021","56.04","53.98","56.71","53.88","11.83M","3.91%"
"01/11/2021","53.93","54.18","54.41","53.47","6.96M","-1.01%"
"01/08/2021","54.48","53.37","54.55","53.23","6.30M","2.68%"
"01/07/2021","53.06","53.42","54.23","53.01","7.35M","-0.30%"
"01/06/2021","53.22","51.50","54.29","51.40","9.91M","2.29%"
"01/05/2021","52.03","51.35","52.28","51.06","10.00M","1.03%"
"01/04/2021","51.50","50.48","51.90","50.45","7.84M","2.49%"
"12/31/2020","50.25","50.60","50.81","50.00","3.60M","-0.59%"
"12/30/2020","50.55","51.01","51.51","50.47","8.62M","-0.61%"
"12/29/2020","50.86","50.65","51.11","50.30","4.80M","1.23%"
"12/28/2020","50.24","50.50","50.55","49.93","6.19M","0.24%"
"12/24/2020","50.12","51.23","51.24","49.94","2.72M","-1.98%"
"12/23/2020","51.13","52.00","52.00","51.13","4.74M","-0.95%"
"12/22/2020","51.62","51.71","52.02","51.08","6.22M","0.10%"
"12/21/2020","51.57","52.62","52.68","51.17","6.08M","-2.81%"
"12/18/2020","53.06","53.10","53.26","52.40","10.94M","0.02%"
"12/17/2020","53.05","53.63","53.96","52.44","6.20M","-1.12%"
"12/16/2020","53.65","52.16","54.89","52.16","12.85M","3.01%"
"12/15/2020","52.08","49.96","52.10","49.69","7.78M","5.06%"
"12/14/2020","49.57","49.23","50.50","49.23","9.13M","0.90%"
"12/11/2020","49.13","49.44","49.61","48.67","4.55M","-0.95%"
"12/10/2020","49.60","49.40","49.84","48.93","4.34M","0.20%"
"12/09/2020","49.50","49.96","50.18","49.22","6.79M","-0.78%"
"12/08/2020","49.89","49.91","50.23","49.28","7.09M","-0.28%"
"12/07/2020","50.03","50.91","51.01","49.91","5.13M","-1.84%"
"12/04/2020","50.97","50.03","51.19","49.64","4.79M","1.35%"
"12/03/2020","50.29","51.25","51.30","50.11","5.35M","-2.06%"
"12/02/2020","51.35","50.52","51.54","50.36","9.28M","1.64%"
"12/01/2020","50.52","50.50","51.46","50.18","7.16M","0.18%"
"11/30/2020","50.43","51.03","51.23","49.36","10.74M","-1.77%"
"11/27/2020","51.34","50.94","51.93","50.90","3.60M","1.76%"
"11/25/2020","50.45","50.75","51.03","50.05","4.44M","-0.16%"
"11/24/2020","50.53","49.92","51.29","49.83","7.22M","1.26%"
"11/23/2020","49.90","49.18","50.34","49.10","9.42M","1.86%"
"11/20/2020","48.99","49.80","49.88","48.96","10.52M","-1.59%"
"11/19/2020","49.78","48.65","50.05","48.56","12.01M","2.58%"
"11/18/2020","48.53","48.07","49.46","48.07","12.73M","0.41%"
"11/17/2020","48.33","48.37","48.90","47.96","9.89M","-0.45%"
"11/16/2020","48.55","48.45","49.17","48.01","14.93M","-0.25%"
"11/13/2020","48.67","46.90","48.72","46.72","12.08M","4.46%"
"11/12/2020","46.59","48.13","48.17","46.40","10.27M","-2.35%"
"11/11/2020","47.71","47.17","48.10","46.81","13.14M","2.51%"
"11/10/2020","46.54","47.55","47.64","45.36","15.52M","-3.68%"
"11/09/2020","48.32","48.00","49.25","46.85","19.39M","-4.68%"
"11/06/2020","50.69","49.70","51.17","49.05","10.24M","2.59%"
"11/05/2020","49.41","48.71","49.95","48.47","10.33M","3.32%"
"11/04/2020","47.82","49.47","49.64","47.56","16.56M","-2.25%"
"11/03/2020","48.92","48.00","49.38","47.61","8.91M","2.19%"
"11/02/2020","47.87","48.19","49.34","47.21","10.77M","0.50%"
"10/30/2020","47.63","48.77","49.14","46.99","12.57M","-3.35%"
"10/29/2020","49.28","49.30","50.80","48.03","22.53M","-7.46%"
"10/28/2020","53.25","52.87","54.10","52.38","9.72M","-0.56%"
"10/27/2020","53.55","53.39","53.84","53.00","4.61M","0.39%"
"10/26/2020","53.34","53.49","53.94","52.28","6.60M","-0.84%"
"10/23/2020","53.79","52.47","53.95","52.47","5.73M","2.87%"
"10/22/2020","52.29","52.59","52.72","51.57","5.17M","-1.00%"
"10/21/2020","52.82","54.29","54.48","52.63","6.56M","-2.55%"
"10/20/2020","54.20","54.42","55.13","54.03","6.41M","-0.22%"
"10/19/2020","54.32","56.43","56.90","53.92","6.72M","-2.70%"
"10/16/2020","55.83","55.33","56.44","55.19","6.17M","0.78%"
"10/15/2020","55.40","55.79","56.11","54.86","6.28M","-1.88%"
"10/14/2020","56.46","57.79","58.34","56.43","7.52M","-1.96%"
"10/13/2020","57.59","55.55","57.82","55.40","7.45M","3.99%"
"10/12/2020","55.38","56.20","56.20","54.53","8.09M","-0.13%"
"10/09/2020","55.45","52.43","55.86","52.32","12.66M","6.47%"
"10/08/2020","52.08","51.30","52.18","50.98","6.75M","2.24%"
"10/07/2020","50.94","50.55","51.11","49.98","6.02M","2.58%"
"10/06/2020","49.66","51.91","51.91","49.49","8.82M","-4.08%"
"10/05/2020","51.77","51.94","52.10","51.15","4.95M","0.17%"
"10/02/2020","51.68","51.61","52.43","51.19","5.46M","-1.34%"
"10/01/2020","52.38","52.37","52.86","52.00","6.66M","0.54%"
"09/30/2020","52.10","52.98","53.62","51.51","9.08M","-1.04%"
"09/29/2020","52.65","53.95","54.30","52.59","7.03M","-2.57%"
"09/28/2020","54.04","53.20","54.36","53.10","6.51M","2.97%"
"09/25/2020","52.48","51.97","52.73","51.18","6.85M","1.35%"
"09/24/2020","51.78","50.22","52.17","50.04","8.18M","2.17%"
"09/23/2020","50.68","51.15","51.46","50.42","6.50M","-0.47%"
"09/22/2020","50.92","50.64","51.04","49.83","6.91M","1.56%"
"09/21/2020","50.14","47.92","50.24","47.73","9.10M","3.15%"
"09/18/2020","48.61","49.00","49.24","48.08","10.02M","-0.06%"
"09/17/2020","48.64","49.36","49.44","47.44","15.68M","-3.53%"
"09/16/2020","50.42","51.78","52.25","50.29","9.39M","-2.63%"
"09/15/2020","51.78","52.68","52.99","51.64","7.75M","-0.99%"
"09/14/2020","52.30","53.28","53.58","52.21","7.42M","-0.89%"
"09/11/2020","52.77","52.33","53.08","52.10","7.22M","0.86%"
"09/10/2020","52.32","53.72","54.60","52.03","7.08M","-2.10%"
"09/09/2020","53.44","52.03","53.71","51.71","8.91M","3.71%"
"09/08/2020","51.53","51.17","52.66","50.97","12.75M","-1.92%"
"09/04/2020","52.54","52.82","53.33","50.95","9.97M","-1.17%"
"09/03/2020","53.16","54.64","55.42","52.59","10.16M","-3.49%"
"09/02/2020","55.08","53.89","55.23","53.51","10.90M","2.67%"
"09/01/2020","53.65","54.95","55.23","53.37","10.13M","-2.06%"
"08/31/2020","54.78","54.00","54.91","53.57","13.42M","0.94%"
"08/28/2020","54.27","56.26","56.26","54.05","12.45M","-3.62%"
"08/27/2020","56.31","58.92","58.92","56.20","8.11M","-3.88%"
"08/26/2020","58.58","57.96","58.65","57.38","6.50M","0.91%"
"08/25/2020","58.05","58.51","58.89","58.01","4.98M","-1.24%"
"08/24/2020","58.78","58.46","58.96","58.06","6.05M","0.99%"
"08/21/2020","58.21","57.86","59.06","57.51","6.78M","0.95%"
"08/20/2020","57.66","57.60","58.06","57.16","6.46M","-0.09%"
"08/19/2020","57.71","57.15","58.38","57.03","7.21M","1.19%"
"08/18/2020","57.03","57.57","57.88","56.94","4.81M","-0.56%"
"08/17/2020","57.35","56.69","57.57","56.29","5.69M","1.88%"
"08/14/2020","56.29","56.53","57.60","55.87","6.25M","0.02%"
"08/13/2020","56.28","55.60","57.06","55.60","8.21M","1.42%"
"08/12/2020","55.49","54.40","56.20","54.39","6.98M","2.21%"
"08/11/2020","54.29","54.21","55.64","53.70","9.33M","-0.15%"
"08/10/2020","54.37","55.22","55.28","54.02","6.27M","-1.52%"
"08/07/2020","55.21","55.34","55.92","54.78","6.37M","0.24%"
"08/06/2020","55.08","55.99","56.53","54.84","8.66M","-2.79%"
"08/05/2020","56.66","56.47","56.92","55.98","6.97M","0.59%"
"08/04/2020","56.33","56.27","56.78","55.78","6.12M","-0.42%"
"08/03/2020","56.57","55.69","56.82","55.57","8.83M","2.33%"
"07/31/2020","55.28","55.06","55.83","54.33","8.94M","1.02%"
"07/30/2020","54.72","54.00","54.94","53.73","8.02M","0.35%"
"07/29/2020","54.53","55.19","56.04","53.66","14.25M","-3.23%"
"07/28/2020","56.35","57.11","57.34","56.11","11.07M","-1.54%"
"07/27/2020","57.23","55.73","57.38","55.53","7.82M","3.83%"
"07/24/2020","55.12","55.02","55.36","54.04","6.51M","-0.05%"
"07/23/2020","55.15","56.44","56.82","54.86","9.82M","-2.11%"
"07/22/2020","56.34","56.67","57.43","56.13","9.14M","-0.44%"
"07/21/2020","56.59","59.08","59.55","55.69","18.08M","-3.22%"
"07/20/2020","58.47","58.71","58.80","57.77","6.42M","0.58%"
"07/17/2020","58.13","58.93","59.11","57.78","6.63M","-0.89%"
"07/16/2020","58.65","57.90","58.92","57.90","7.23M","0.45%"
"07/15/2020","58.39","58.82","59.13","57.24","10.72M","-1.17%"
"07/14/2020","59.08","57.75","59.29","57.28","10.05M","1.34%"
"07/13/2020","58.30","60.28","61.06","57.89","13.13M","-1.64%"
"07/10/2020","59.27","59.35","59.89","58.12","11.75M","0.08%"
"07/09/2020","59.22","58.73","60.53","58.51","15.41M","1.63%"
"07/08/2020","58.27","57.35","58.46","57.16","11.13M","2.23%"
"07/07/2020","57.00","55.95","57.55","55.93","10.64M","1.48%"
"07/06/2020","56.17","55.49","56.97","54.94","9.89M","3.33%"
"07/02/2020","54.36","53.59","54.88","53.55","8.47M","2.64%"
"07/01/2020","52.96","52.71","53.43","51.32","12.88M","0.97%"
"06/30/2020","52.45","51.42","52.74","51.32","10.56M","2.22%"
"06/29/2020","51.31","51.07","51.34","50.12","8.93M","0.83%"
"06/26/2020","50.89","50.89","51.28","50.08","17.76M","3.02%"
"06/25/2020","49.40","48.72","49.54","48.41","10.27M","1.29%"
"06/24/2020","48.77","49.80","50.45","48.65","13.01M","-2.07%"
"06/23/2020","49.80","49.59","50.32","49.10","12.29M","1.30%"
"06/22/2020","49.16","48.34","49.32","48.01","9.22M","1.80%"
"06/19/2020","48.29","48.73","48.95","47.42","36.56M","-0.31%"
"06/18/2020","48.44","48.55","49.09","48.18","11.34M","0.02%"
"06/17/2020","48.43","48.26","49.10","48.21","9.69M","0.64%"
"06/16/2020","48.12","48.49","48.73","47.54","9.64M","0.48%"
"06/15/2020","47.89","46.94","48.12","46.64","12.47M","0.48%"
"06/12/2020","47.66","48.39","48.83","46.85","10.06M","-0.58%"
"06/11/2020","47.94","49.26","49.81","47.69","10.56M","-2.66%"
"06/10/2020","49.25","50.25","50.25","49.08","10.55M","-1.01%"
"06/09/2020","49.75","48.93","49.99","48.62","9.70M","2.11%"
"06/08/2020","48.72","48.49","49.03","47.84","12.18M","-0.20%"
"06/05/2020","48.82","49.24","49.70","48.24","16.33M","-1.09%"
"06/04/2020","49.36","51.34","51.88","48.80","32.27M","6.26%"
"06/03/2020","46.45","46.23","46.70","46.10","7.60M","1.02%"
"06/02/2020","45.98","45.23","46.22","45.14","9.96M","1.73%"
"06/01/2020","45.20","45.47","45.96","45.01","8.93M","-0.75%"
"05/29/2020","45.54","44.30","45.65","43.88","18.74M","2.96%"
"05/28/2020","44.23","44.11","44.98","44.02","12.48M","0.18%"
"05/27/2020","44.15","43.30","44.17","42.87","8.71M","1.82%"
"05/26/2020","43.36","43.99","44.28","43.31","9.54M","-0.21%"
"05/22/2020","43.45","42.25","43.49","42.21","9.88M","2.31%"
"05/21/2020","42.47","42.75","42.93","42.24","8.25M","-0.56%"
"05/20/2020","42.71","43.02","43.31","42.44","9.28M","0.73%"
"05/19/2020","42.40","42.39","43.17","42.39","13.57M","-0.24%"
"05/18/2020","42.50","42.48","42.90","42.33","8.88M","0.93%"
"05/15/2020","42.11","41.46","42.46","41.46","13.18M","0.19%"
"05/14/2020","42.03","41.17","42.08","40.83","11.17M","1.08%"
"05/13/2020","41.58","41.94","42.38","41.06","11.04M","-1.00%"
"05/12/2020","42.00","42.24","42.86","41.78","9.55M","-0.31%"
"05/11/2020","42.13","41.88","42.43","41.60","13.73M","-0.05%"
"05/08/2020","42.15","41.70","42.44","41.70","8.95M","1.89%"
"05/07/2020","41.37","41.27","41.61","41.06","12.59M","1.03%"
"05/06/2020","40.95","40.64","41.09","40.19","11.03M","1.56%"
"05/05/2020","40.32","39.92","40.76","39.76","12.41M","1.23%"
"05/04/2020","39.83","39.28","39.87","39.06","10.22M","1.48%"
"05/01/2020","39.25","38.78","39.47","38.34","13.89M","-1.46%"
"04/30/2020","39.83","37.63","39.96","37.55","18.28M","2.05%"
"04/29/2020","39.03","39.45","39.75","38.84","17.99M","-0.13%"
"04/28/2020","39.08","39.59","39.90","38.91","16.17M","-1.39%"
"04/27/2020","39.63","40.04","40.36","39.56","11.09M","0.71%"
"04/24/2020","39.35","38.85","39.53","38.27","16.90M","3.80%"
"04/23/2020","37.91","38.46","38.84","37.66","15.28M","-0.89%"
"04/22/2020","38.25","38.15","38.48","37.92","9.82M","1.70%"
"04/21/2020","37.61","37.51","38.23","37.31","12.26M","-0.08%"
"04/20/2020","37.64","37.47","38.31","37.28","12.66M","0.49%"
"04/17/2020","37.46","37.45","37.64","36.99","15.51M","0.63%"
"04/16/2020","37.22","36.53","37.37","36.29","11.21M","2.85%"
"04/15/2020","36.19","35.31","36.41","35.08","10.65M","1.26%"
"04/14/2020","35.74","35.45","35.98","35.27","14.58M","2.82%"
"04/13/2020","34.76","34.29","35.08","33.96","13.79M","2.75%"
"04/09/2020","33.83","33.40","34.10","33.37","13.56M","2.48%"
"04/08/2020","33.01","31.85","33.08","31.80","12.04M","4.40%"
"04/07/2020","31.62","32.08","32.22","31.56","10.60M","1.41%"
"04/06/2020","31.18","30.67","31.32","30.28","14.73M","6.02%"
"04/03/2020","29.41","29.15","29.67","28.80","10.87M","0.75%"
"04/02/2020","29.19","28.32","29.41","28.30","12.01M","1.42%"
"04/01/2020","28.78","29.34","29.75","28.48","14.34M","-4.26%"
"03/31/2020","30.06","31.03","31.18","29.94","15.87M","-3.62%"
"03/30/2020","31.19","30.62","31.54","30.02","14.95M","3.35%"
"03/27/2020","30.18","29.41","30.87","29.40","14.18M","0.07%"
"03/26/2020","30.16","28.72","30.25","28.64","14.33M","6.31%"
"03/25/2020","28.37","27.70","29.48","27.12","18.49M","2.53%"
"03/24/2020","27.67","27.32","27.87","26.26","24.06M","5.05%"
"03/23/2020","26.34","27.25","27.64","26.02","18.50M","-4.50%"
"03/20/2020","27.58","29.50","30.20","27.20","24.95M","-6.82%"
"03/19/2020","29.60","31.33","31.37","29.47","19.46M","-5.43%"
"03/18/2020","31.30","31.34","32.85","30.20","20.30M","-5.95%"
"03/17/2020","33.28","32.76","33.94","32.32","14.02M","3.23%"
"03/16/2020","32.24","30.88","33.35","30.58","17.10M","-5.15%"
"03/13/2020","33.99","34.55","34.81","32.99","20.97M","2.91%"
"03/12/2020","33.03","32.74","35.04","32.51","17.22M","-5.17%"
"03/11/2020","34.83","35.15","35.74","34.36","13.06M","-3.36%"
"03/10/2020","36.04","36.49","36.61","35.00","15.42M","1.46%"
"03/09/2020","35.52","34.02","36.13","33.64","15.59M","-2.39%"
"03/06/2020","36.39","35.71","36.79","35.59","12.85M","-2.23%"
"03/05/2020","37.22","37.48","38.22","37.07","11.82M","-3.30%"
"03/04/2020","38.49","37.32","38.54","37.14","13.45M","4.82%"
"03/03/2020","36.72","35.73","37.42","35.66","18.84M","2.11%"
"03/02/2020","35.96","34.62","35.97","34.27","13.13M","3.81%"
"02/28/2020","34.64","34.09","34.77","33.71","16.82M","-1.14%"
"02/27/2020","35.04","36.15","36.45","35.01","16.14M","-4.50%"
"02/26/2020","36.69","36.81","37.18","36.42","11.92M","0.63%"
"02/25/2020","36.46","37.31","37.62","36.39","15.86M","-2.15%"
"02/24/2020","37.26","37.63","37.87","36.97","18.96M","-2.46%"
"02/21/2020","38.20","37.34","38.94","37.15","14.70M","1.35%"
"02/20/2020","37.69","37.34","37.87","37.22","8.94M","0.43%"
"02/19/2020","37.53","38.03","38.05","37.52","7.60M","-0.90%"
"02/18/2020","37.87","38.28","38.63","37.76","15.22M","-0.71%"
"02/14/2020","38.14","37.57","38.23","37.31","11.00M","2.55%"
"02/13/2020","37.19","37.05","37.27","36.70","7.32M","0.11%"
"02/12/2020","37.15","36.64","37.50","36.61","11.50M","1.95%"
"02/11/2020","36.44","36.20","36.67","36.06","9.38M","1.17%"
"02/10/2020","36.02","36.18","36.23","35.49","11.64M","-0.50%"
"02/07/2020","36.20","35.83","36.87","35.80","18.99M","-4.74%"
"02/06/2020","38.00","37.73","39.04","37.53","24.98M","2.37%"
"02/05/2020","37.12","36.86","37.45","36.61","25.90M","-0.78%"
"02/04/2020","37.41","35.10","39.25","34.33","46.30M","8.78%"
"02/03/2020","34.39","33.75","34.53","33.71","14.94M","2.47%"